Total Trades,Win Ratio,Net Profit,Net Profit Margin,MDD
10,0.7,119.30000305175781,1.193000030517578,-15.200042724609375
