Total Trades,Win Ratio,Net Profit,Net Profit Margin,MDD
10,0.6,36.599884033203125,0.36599884033203123,-7.20001220703125
