Total Trades,Win Ratio,Net Profit,Net Profit Margin,MDD
12,0.5,15.700149536132812,0.15700149536132812,-28.299942016601562
