Total Trades,Win Ratio,Net Profit,Net Profit Margin,MDD
8,0.5,33.200225830078125,0.33200225830078123,-89.0997314453125
