Total Trades,Win Ratio,Net Profit,Net Profit Margin,MDD
16,0.5,129.79984283447266,1.2979984283447266,-37.5
