Total Trades,Win Ratio,Net Profit,Net Profit Margin,MDD
8,0.5,-40.800018310546875,-0.40800018310546876,-35.099945068359375
