Total Trades,Win Ratio,Net Profit,Net Profit Margin,MDD
18,0.4444444444444444,81.42021179199219,0.8142021179199219,-68.50006103515625
