Total Trades,Win Ratio,Net Profit,Net Profit Margin,MDD
6,0.8333333333333334,25.799903869628906,0.25799903869628904,-0.9000015258789062
