Total Trades,Win Ratio,Net Profit,Net Profit Margin,MDD
10,0.7,-30.89996337890625,-0.3089996337890625,-30.250015258789062
