Total Trades,Win Ratio,Net Profit,Net Profit Margin,MDD
16,0.5,5.099992752075195,0.050999927520751956,-7.200002670288086
