Total Trades,Win Ratio,Net Profit,Net Profit Margin,MDD
8,0.375,-60.200042724609375,-0.6020004272460937,-38.200035095214844
