Total Trades,Win Ratio,Net Profit,Net Profit Margin,MDD
6,0.6666666666666666,52.90016174316406,0.5290016174316406,-29.099960327148438
