Total Trades,Win Ratio,Net Profit,Net Profit Margin,MDD
8,0.625,177.1997833251953,1.771997833251953,-13.39996337890625
