Total Trades,Win Ratio,Net Profit,Net Profit Margin,MDD
12,0.4166666666666667,-140.40023803710938,-1.4040023803710937,-169.6002197265625
