Total Trades,Win Ratio,Net Profit,Net Profit Margin,MDD
6,0.3333333333333333,244.69993591308594,2.4469993591308596,-29.000015258789062
