Total Trades,Win Ratio,Net Profit,Net Profit Margin,MDD
12,0.5833333333333334,-0.1999664306640625,-0.001999664306640625,-10.500011444091797
