Total Trades,Win Ratio,Net Profit,Net Profit Margin,MDD
8,0.75,21.100120544433594,0.21100120544433593,-22.00000762939453
