Total Trades,Win Ratio,Net Profit,Net Profit Margin,MDD
14,0.42857142857142855,-3.699798583984375,-0.03699798583984375,-73.99993896484375
