Total Trades,Win Ratio,Net Profit,Net Profit Margin,MDD
4,0.25,-11.899986267089844,-0.11899986267089845,-6.8000030517578125
