Total Trades,Win Ratio,Net Profit,Net Profit Margin,MDD
6,0.6666666666666666,72.59994506835938,0.7259994506835937,-24.599990844726562
