Total Trades,Win Ratio,Net Profit,Net Profit Margin,MDD
6,0.5,1.2999725341796875,0.012999725341796876,-13.39996337890625
