Total Trades,Win Ratio,Net Profit,Net Profit Margin,MDD
12,0.5833333333333334,32.79998779296875,0.3279998779296875,-111.39999389648438
