Total Trades,Win Ratio,Net Profit,Net Profit Margin,MDD
10,0.7,273.9997863769531,2.7399978637695312,-127.09999084472656
