Total Trades,Win Ratio,Net Profit,Net Profit Margin,MDD
10,0.5,167.39999771118164,1.6739999771118164,-14.70001220703125
