Total Trades,Win Ratio,Net Profit,Net Profit Margin,MDD
14,0.42857142857142855,-41.300106048583984,-0.41300106048583984,-40.99998474121094
