Total Trades,Win Ratio,Net Profit,Net Profit Margin,MDD
8,0.625,159.29969787597656,1.5929969787597655,-19.70001220703125
