Total Trades,Win Ratio,Net Profit,Net Profit Margin,MDD
10,0.5,9.00003433227539,0.0900003433227539,-15.799942016601562
