Total Trades,Win Ratio,Net Profit,Net Profit Margin,MDD
4,0.5,24.20013427734375,0.24200134277343752,-157.39990234375
