Total Trades,Win Ratio,Net Profit,Net Profit Margin,MDD
6,0.6666666666666666,-449.1996765136719,-4.491996765136719,-817.099609375
