Total Trades,Win Ratio,Net Profit,Net Profit Margin,MDD
6,0.5,-8.100028038024902,-0.08100028038024902,-10.400009155273438
