Total Trades,Win Ratio,Net Profit,Net Profit Margin,MDD
12,0.5833333333333334,-123.90144348144531,-1.2390144348144532,-105.50003051757812
