Total Trades,Win Ratio,Net Profit,Net Profit Margin,MDD
6,0.3333333333333333,176.300048828125,1.7630004882812502,-31.800079345703125
