Total Trades,Win Ratio,Net Profit,Net Profit Margin,MDD
10,0.4,9.200019836425781,0.09200019836425781,-47.99999237060547
