Total Trades,Win Ratio,Net Profit,Net Profit Margin,MDD
12,0.5,4.3000030517578125,0.04300003051757812,-20.400009155273438
