Total Trades,Win Ratio,Net Profit,Net Profit Margin,MDD
14,0.5714285714285714,29.899959564208984,0.29899959564208983,-98.89999389648438
