Total Trades,Win Ratio,Net Profit,Net Profit Margin,MDD
8,0.625,20.499725341796875,0.20499725341796876,-45.89996337890625
