Total Trades,Win Ratio,Net Profit,Net Profit Margin,MDD
8,0.625,-43.2000732421875,-0.432000732421875,-100.80001831054688
