Total Trades,Win Ratio,Net Profit,Net Profit Margin,MDD
8,0.625,99.69955444335938,0.9969955444335937,-145.7000732421875
