Total Trades,Win Ratio,Net Profit,Net Profit Margin,MDD
10,0.4,-58.5999870300293,-0.585999870300293,-31.199989318847656
