Total Trades,Win Ratio,Net Profit,Net Profit Margin,MDD
8,0.25,-24.60002899169922,-0.2460002899169922,-10.499954223632812
