Total Trades,Win Ratio,Net Profit,Net Profit Margin,MDD
4,0.5,27.499923706054688,0.27499923706054685,-7.999992370605469
