Total Trades,Win Ratio,Net Profit,Net Profit Margin,MDD
8,0.625,19.2999267578125,0.192999267578125,-16.200027465820312
