Total Trades,Win Ratio,Net Profit,Net Profit Margin,MDD
12,0.4166666666666667,19.599838256835938,0.19599838256835939,-12.200002670288086
