Total Trades,Win Ratio,Net Profit,Net Profit Margin,MDD
8,0.625,1.99981689453125,0.0199981689453125,-26.100006103515625
