Total Trades,Win Ratio,Net Profit,Net Profit Margin,MDD
10,0.6,59.80003356933594,0.5980003356933594,-38.59992980957031
