Total Trades,Win Ratio,Net Profit,Net Profit Margin,MDD
8,0.5,-169.39990997314453,-1.6939990997314451,-128.699951171875
