Total Trades,Win Ratio,Net Profit,Net Profit Margin,MDD
6,0.6666666666666666,-114.70001220703125,-1.1470001220703125,-76.80000305175781
