Total Trades,Win Ratio,Net Profit,Net Profit Margin,MDD
6,0.5,-24.199676513671875,-0.24199676513671875,-83.2000732421875
